商品,订单号,订单状态,商品总价(元),邮费(元),店铺优惠折扣(元),平台优惠折扣(元),多多支付立减金额(元),用户实付金额(元),商家实收金额(元),商品数量(件),发货时间,确认收货时间,商品id,商品规格,样式ID,商家编码-规格维度,商家编码-商品维度,商家备注,售后状态,快递单号,快递公司,订单成交时间,是否分期,分期期数,手续费承担方,分期方式
Nike耐克 Zoom Rival S10短跑钉鞋训练舒适防滑耐磨DC8753-100,260228-322038679150358,已发货，待收货,584.0	,0.0	,5.84	,0.0	,0.0	,578.16	,578.16	,2	,2026-02-28 21:56:08,	,822868315610	,"DC8753-100【收藏关注优先发货】,42【正品保障 支持鉴定】",1789416839728	,	,	,	,售后处理中,78581872730178	,中通快递,2026-02-28 10:00:49,否,,	,
Nike耐克 Zoom Rival S10短跑钉鞋训练舒适防滑耐磨DC8753-100,260228-147817766540754,已发货，待收货,292.0	,0.0	,5.0	,0.0	,0.0	,287.0	,287.0	,1	,2026-02-28 21:56:08,	,822868315610	,"DC8753-100【收藏关注优先发货】,43【正品保障 支持鉴定】",1789416839730	,	,	,	,无售后或售后取消,78581872730203	,中通快递,2026-02-28 02:21:59,否,,	,
Nike耐克 Zoom Rival S10短跑钉鞋训练舒适防滑耐磨DC8753-100,260228-009017792140754,已发货，待收货,584.0	,0.0	,5.84	,0.0	,0.0	,578.16	,578.16	,2	,2026-02-28 21:56:08,	,822868315610	,"DC8753-100【收藏关注优先发货】,44【正品保障 支持鉴定】",1789416839731	,	,	,	,无售后或售后取消,78581872730203	,中通快递,2026-02-28 02:21:25,否,,	,
adidas阿迪达斯 ADILENIUM百搭logo条纹时尚牛仔裤蓝色 JY6292,260227-160757246312102,已发货，退款成功,594.0	,0.0	,5.0	,40.0	,0.0	,549.0	,589.0	,1	,2026-02-27 22:27:40,	,903893490761	,"JY6292【收藏关注优先发货】,32 【正品保障 支持鉴定】",1858801613760	,	,	,	,退款成功,78581479316602	,中通快递,2026-02-27 20:54:03,否,,	,
Nike耐克 Zoom Rival S10短跑钉鞋训练舒适防滑耐磨DC8753-100,260227-278428393082163,已发货，待收货,292.0	,0.0	,5.0	,0.0	,0.0	,287.0	,287.0	,1	,2026-02-27 22:27:40,	,822868315610	,"DC8753-100【收藏关注优先发货】,43【正品保障 支持鉴定】",1789416839730	,	,	,	,售后处理中,78581479316592	,中通快递,2026-02-27 16:31:50,否,,	,
Adidas阿迪达斯 三叶草时尚厚底耐磨凉鞋 IE5651,260227-555619489324000,已收货,159.0	,0.0	,5.0	,13.86	,0.0	,140.14	,154.0	,1	,2026-02-27 22:27:40,2026-03-09 22:27:40,792058673878	,"IE5651,42",1769504186128	,	,	,	,无售后或售后取消,78581479315463	,中通快递,2026-02-27 11:58:09,否,,	,
adidas阿迪达斯男女BARREDA低帮复古耐磨防滑休闲鞋JQ4238,260226-039699136940188,已发货，退款成功,262.0	,0.0	,5.0	,23.13	,0.0	,233.87	,257.0	,1	,2026-02-27 12:10:01,	,783646754517	,"JQ4238【收藏关注优先发货】,38.5【正品保障 支持鉴定】",1813719991775	,	,	,	,退款成功,78581394649798	,中通快递,2026-02-26 14:06:41,否,,	,
Nike耐克女子DUNKLOW海盐蓝白耐磨运动休闲低帮板鞋 FB1843-141,260225-649037166980278,已发货，待收货,982.0	,0.0	,9.82	,3.0	,0.0	,969.18	,972.18	,2	,2026-02-26 13:53:13,	,806729270148	,37.5	,1779682257743	,	,	,	,无售后或售后取消,78581012977713	,中通快递,2026-02-25 23:30:26,否,,	,
adidas阿迪达斯 ADILENIUM百搭logo条纹时尚牛仔裤蓝色 JY6292,260225-233455040871133,已发货，退款成功,600.0	,0.0	,5.0	,47.6	,0.0	,547.4	,595.0	,1	,2026-02-25 15:14:49,	,903893490761	,"JY6292【收藏关注优先发货】,32 【正品保障 支持鉴定】",1858801613760	,	,	,	,退款成功,78580602274849	,中通快递,2026-02-25 03:22:31,否,,	,
adidas阿迪达斯男女BARREDA低帮复古耐磨防滑休闲鞋JQ4238,260224-527842752880190,已发货，退款成功,265.0	,0.0	,5.0	,9.0	,0.0	,251.0	,260.0	,1	,2026-02-25 15:14:49,	,783646754517	,"JQ4238【收藏关注优先发货】,38.5【正品保障 支持鉴定】",1813719991775	,	,	,	,退款成功,78580602271786	,中通快递,2026-02-24 19:33:52,否,,	,
Nike耐克黑白板鞋CourtVision1低帮可回收材料经典耐磨DH2987-001,260224-183773447762386,已发货，退款成功,320.0	,0.0	,5.0	,0.0	,0.0	,315.0	,315.0	,1	,2026-02-24 15:45:16,	,896110633104	,"DH2987-001【收藏关注优先发货】,42【正品保障 支持鉴定】",1851257019294	,	,	,	,退款成功,78580249112694	,中通快递,2026-02-24 10:38:03,否,,	,
adidas阿迪达斯男女BARREDA低帮复古耐磨防滑休闲鞋JQ4238,260224-469856489791751,已取消,269.0	,0.0	,0.0	,0.0	,0.0	,269.0	,269.0	,1	,	,	,783646754517	,"JQ4238【收藏关注优先发货】,38.5【正品保障 支持鉴定】",1813719991775	,	,	,	,无售后或售后取消,	,	,	,	,,	,
adidas阿迪达斯男女BARREDA低帮复古耐磨防滑休闲鞋JQ4238,260224-680630741311751,已收货,269.0	,0.0	,5.0	,13.2	,0.0	,250.8	,264.0	,1	,2026-02-24 15:45:16,2026-03-05 23:00:03,783646754517	,"JQ4238【收藏关注优先发货】,38.5【正品保障 支持鉴定】",1813719991775	,	,	,	,无售后或售后取消,78580249112852	,中通快递,2026-02-24 09:16:58,否,,	,
Adidas阿迪达斯 三叶草男女板鞋SUPERSTAR 2贝壳头休闲鞋JQ6250,260224-346155989311108,已发货，退款成功,468.0	,0.0	,5.0	,0.0	,0.0	,463.0	,463.0	,1	,2026-02-24 15:45:16,	,904508794790	,"JQ6250【收藏关注优先发货】,40.5【正品保障 支持鉴定】",1859680085609	,	,	,	,退款成功,78580249445530	,中通快递,2026-02-24 01:22:10,否,,	,
adidas阿迪达斯男女BARREDA低帮复古耐磨防滑休闲鞋JQ4238,260224-563462848894003,已发货，退款成功,266.0	,0.0	,5.0	,14.0	,0.0	,247.0	,261.0	,1	,2026-02-24 15:45:16,	,783646754517	,"JQ4238【收藏关注优先发货】,36.5【正品保障 支持鉴定】",1813719991772	,	,	,	,退款成功,78580249112666	,中通快递,2026-02-24 00:58:45,否,,	,
阿迪达斯三叶草运动拖鞋男女正品ADILETTELITE户外FU8298,260223-157013788231474,已发货，待收货,87.2	,0.0	,5.0	,6.0	,0.0	,76.2	,82.2	,1	,2026-02-24 15:45:16,	,789862122416	,38	,1767885755817	,	,	,	,无售后或售后取消,78580249451998	,中通快递,2026-02-23 16:32:59,否,,	,
adidas阿迪达斯男女BARREDA低帮复古耐磨防滑休闲鞋JQ4238,260223-449723820413779,未发货，退款成功,265.0	,0.0	,5.0	,0.0	,0.0	,260.0	,260.0	,1	,	,	,783646754517	,"JQ4238【收藏关注优先发货】,38.5【正品保障 支持鉴定】",1813719991775	,	,	,	,退款成功,	,	,2026-02-23 16:20:42,否,,	,
adidas阿迪达斯男女BARREDA低帮复古耐磨防滑休闲鞋JQ4238,260223-112197670460232,已发货，待收货,265.0	,0.0	,5.0	,20.0	,0.0	,240.0	,260.0	,1	,2026-02-24 15:45:16,	,783646754517	,"JQ4238【收藏关注优先发货】,38.5【正品保障 支持鉴定】",1813719991775	,	,	,	,无售后或售后取消,78580249445491	,中通快递,2026-02-23 11:49:43,否,,	,
adidas阿迪达斯 ADILENIUM百搭logo条纹时尚牛仔裤蓝色 JY6292,260223-315264909671133,未发货，退款成功,600.0	,0.0	,5.0	,20.0	,0.0	,575.0	,595.0	,1	,	,	,903893490761	,"JY6292【收藏关注优先发货】,32 【正品保障 支持鉴定】",1858801613760	,	,	,	,退款成功,	,	,2026-02-23 10:48:17,否,,	,
adidas阿迪达斯男女BARREDA低帮复古耐磨防滑休闲鞋JQ4238,260222-135067154750781,已发货，待收货,273.0	,0.0	,5.0	,0.0	,0.0	,268.0	,268.0	,1	,2026-02-24 15:45:16,	,783646754517	,"JQ4238【收藏关注优先发货】,39【正品保障 支持鉴定】",1813719991776	,	,	,	,无售后或售后取消,78580249112865	,中通快递,2026-02-22 20:15:31,否,,	,
adidas阿迪达斯男女BARREDA低帮复古耐磨防滑休闲鞋JQ4238,260222-071470968450368,已取消,264.0	,0.0	,0.0	,1.0	,0.0	,263.0	,264.0	,1	,	,	,783646754517	,"JQ4238【收藏关注优先发货】,35.5【正品保障 支持鉴定】",1813719991770	,	,	,	,无售后或售后取消,	,	,	,	,,	,
Nike耐克黑白板鞋CourtVision1低帮可回收材料经典耐磨DH2987-001,260222-402170909001547,未发货，退款成功,320.0	,0.0	,5.0	,20.0	,0.0	,295.0	,315.0	,1	,	,	,896110633104	,"DH2987-001【收藏关注优先发货】,42【正品保障 支持鉴定】",1851257019294	,	,	,	,退款成功,	,	,2026-02-22 19:45:36,否,,	,
Adidas阿迪达斯 板鞋女鞋低帮缓震透气增高运动板鞋HQ6912,260222-092998233694018,已发货，退款成功,391.0	,0.0	,5.0	,19.3	,0.0	,366.7	,386.0	,1	,2026-02-24 15:45:16,	,904507432844	,"HQ6912【收藏关注优先发货】,38【正品保障 支持鉴定】",1859678876263	,	,	,	,退款成功,78580249112893	,中通快递,2026-02-22 18:17:29,否,,	,
adidas阿迪达斯男女BARREDA低帮复古耐磨防滑休闲鞋JQ4238,260222-173696694573192,已收货,265.0	,0.0	,5.0	,13.0	,0.0	,247.0	,260.0	,1	,2026-02-24 15:45:16,2026-02-26 16:33:41,783646754517	,"JQ4238【收藏关注优先发货】,36【正品保障 支持鉴定】",1813719991771	,	,	,	,无售后或售后取消,78580249112811	,中通快递,2026-02-22 16:38:26,否,,	,
阿迪达斯三叶草运动拖鞋男女正品ADILETTELITE户外FU8298,260222-181131056751824,未发货，退款成功,87.2	,0.0	,5.0	,0.0	,0.0	,82.2	,82.2	,1	,	,	,789862122416	,38	,1767885755817	,	,	,	,退款成功,	,	,2026-02-22 15:27:23,否,,	,
adidas阿迪达斯三叶草简约时尚PU云朵包HK0158,260222-010045428041944,已发货，待收货,123.0	,0.0	,5.0	,15.0	,0.0	,103.0	,118.0	,1	,2026-02-24 15:45:16,	,781824106733	,HK0158,1761453365930	,	,	,	,无售后或售后取消,78580249452024	,中通快递,2026-02-22 13:58:31,否,,	,
Adidas阿迪达斯 板鞋女鞋低帮缓震透气增高运动板鞋HQ6912,260222-557150400101478,已取消,391.0	,0.0	,5.0	,20.0	,0.0	,366.0	,386.0	,1	,	,	,904507432844	,"HQ6912【收藏关注优先发货】,38【正品保障 支持鉴定】",1859678876263	,	,	,	,无售后或售后取消,	,	,	,	,,	,
Nike耐克黑白板鞋CourtVision1低帮可回收材料经典耐磨DH2987-001,260222-433418421891805,未发货，退款成功,320.0	,0.0	,5.0	,0.0	,0.0	,315.0	,315.0	,1	,	,	,896110633104	,"DH2987-001【收藏关注优先发货】,42【正品保障 支持鉴定】",1851257019294	,	,	,	,退款成功,	,	,2026-02-22 11:22:55,否,,	,
adidas阿迪达斯男女BARREDA低帮复古耐磨防滑休闲鞋JQ4238,260222-609400983993986,已发货，待收货,264.0	,0.0	,5.0	,0.0	,0.0	,259.0	,259.0	,1	,2026-02-24 15:45:16,	,783646754517	,"JQ4238【收藏关注优先发货】,35.5【正品保障 支持鉴定】",1813719991770	,	,	,	,无售后或售后取消,78580249112837	,中通快递,2026-02-22 09:57:40,否,,	,
Adidas阿迪达斯 板鞋女鞋低帮缓震透气增高运动板鞋HQ6912,260222-383002908300299,未发货，退款成功,391.0	,0.0	,5.0	,0.0	,0.0	,386.0	,386.0	,1	,	,	,904507432844	,"HQ6912【收藏关注优先发货】,38【正品保障 支持鉴定】",1859678876263	,	,	,	,退款成功,	,	,2026-02-22 09:00:38,否,,	,
adidas阿迪达斯男女BARREDA低帮复古耐磨防滑休闲鞋JQ4238,260222-219529889410368,已收货,264.0	,0.0	,5.0	,20.72	,0.0	,238.28	,259.0	,1	,2026-02-24 15:45:16,2026-02-28 01:00:00,783646754517	,"JQ4238【收藏关注优先发货】,35.5【正品保障 支持鉴定】",1813719991770	,	,	,	,无售后或售后取消,78580249449933	,中通快递,2026-02-22 19:55:31,否,,	,
adidas阿迪达斯男女BARREDA低帮复古耐磨防滑休闲鞋JQ4238,260221-081380011621990,未发货，退款成功,264.0	,0.0	,5.0	,0.0	,0.0	,259.0	,259.0	,1	,	,	,783646754517	,"JQ4238【收藏关注优先发货】,35.5【正品保障 支持鉴定】",1813719991770	,	,	,	,退款成功,	,	,2026-02-21 23:00:41,否,,	,
adidas阿迪达斯男女BARREDA低帮复古耐磨防滑休闲鞋JQ4238,260221-248774725973921,已发货，待收货,264.0	,0.0	,5.0	,0.0	,0.0	,259.0	,259.0	,1	,2026-02-24 15:45:16,	,783646754517	,"JQ4238【收藏关注优先发货】,35.5【正品保障 支持鉴定】",1813719991770	,	,	,	,无售后或售后取消,78580249112505	,中通快递,2026-02-21 22:49:04,否,,	,
阿迪达斯三叶草运动拖鞋男女正品ADILETTELITE户外FU8298,260221-103609833093495,已发货，退款成功,87.2	,0.0	,5.0	,0.0	,0.0	,82.2	,82.2	,1	,2026-02-24 15:45:16,	,789862122416	,38	,1767885755817	,	,	,	,退款成功,78580249452052	,中通快递,2026-02-21 17:10:28,否,,	,
Nike耐克黑白板鞋CourtVision1低帮可回收材料经典耐磨DH2987-001,260221-041041314160510,已取消,320.0	,0.0	,5.0	,20.0	,0.0	,295.0	,315.0	,1	,	,	,896110633104	,"DH2987-001【收藏关注优先发货】,42【正品保障 支持鉴定】",1851257019294	,	,	,	,无售后或售后取消,	,	,	,	,,	,
adidas阿迪达斯三叶草简约时尚PU云朵包HK0158,260221-473264320033348,未发货，退款成功,123.0	,0.0	,5.0	,0.0	,0.0	,118.0	,118.0	,1	,	,	,781824106733	,HK0158,1761453365930	,	,	,	,退款成功,	,	,2026-02-21 15:57:48,否,,	,
adidas阿迪达斯男女BARREDA低帮复古耐磨防滑休闲鞋JQ4238,260221-259470191013550,未发货，退款成功,270.0	,0.0	,5.0	,0.0	,0.0	,265.0	,265.0	,1	,	,	,783646754517	,"JQ4238【收藏关注优先发货】,39【正品保障 支持鉴定】",1813719991776	,	,	,	,退款成功,	,	,2026-02-21 13:09:34,否,,	,
adidas阿迪达斯男女BARREDA低帮复古耐磨防滑休闲鞋JQ4238,260220-343482110332848,未发货，退款成功,270.0	,0.0	,5.0	,0.0	,0.0	,265.0	,265.0	,1	,	,	,783646754517	,"JQ4238【收藏关注优先发货】,39【正品保障 支持鉴定】",1813719991776	,	,	,	,退款成功,	,	,2026-02-20 07:42:10,否,,	,
Nike耐克女子DUNKLOW海盐蓝白耐磨运动休闲低帮板鞋 FB1843-141,260220-529782618451061,未发货，退款成功,491.0	,0.0	,5.0	,20.0	,0.0	,466.0	,486.0	,1	,	,	,806729270148	,37.5	,1779682257743	,	,	,	,退款成功,	,	,2026-02-20 01:04:09,否,,	,
Nike耐克黑白板鞋CourtVision1低帮可回收材料经典耐磨DH2987-001,260219-625223943790385,已取消,320.0	,0.0	,5.0	,20.0	,0.0	,295.0	,315.0	,1	,	,	,896110633104	,"DH2987-001【收藏关注优先发货】,42【正品保障 支持鉴定】",1851257019294	,	,	,	,无售后或售后取消,	,	,	,	,,	,
adidas阿迪达斯三叶草简约时尚PU云朵包HK0158,260219-608436252300440,已发货，退款成功,123.0	,0.0	,5.0	,0.0	,0.0	,118.0	,118.0	,1	,2026-02-24 15:45:16,	,781824106733	,HK0158,1761453365930	,	,	,	,退款成功,78580249455804	,中通快递,2026-02-19 16:19:17,否,,	,
Nike耐克 板鞋蓝白SB FROCE 58街头滑板复古低帮北卡蓝HJ3489-141,260219-493627707800840,已收货,518.0	,0.0	,5.0	,25.0	,0.0	,488.0	,513.0	,1	,2026-02-24 15:45:16,2026-03-06 21:21:53,896112938333	,"HJ3489-141【收藏关注优先发货】,42.5【正品保障 支持鉴定】",1851259580668	,	,	,	,无售后或售后取消,78580249112878	,中通快递,2026-02-19 11:11:40,否,,	,
Nike耐克黑白板鞋CourtVision1低帮可回收材料经典耐磨DH2987-001,260218-398563787043633,已发货，退款成功,315.0	,0.0	,5.0	,20.0	,0.0	,290.0	,310.0	,1	,2026-02-24 15:45:16,	,896110633104	,"DH2987-001【收藏关注优先发货】,43【正品保障 支持鉴定】",1851257019295	,	,	,	,退款成功,78580249112799	,中通快递,2026-02-18 11:59:32,否,,	,
阿迪达斯三叶草运动拖鞋男女正品ADILETTELITE户外FU8298,260218-432778800693691,未发货，退款成功,174.4	,0.0	,5.0	,0.0	,0.0	,169.4	,169.4	,2	,	,	,789862122416	,38	,1767885755817	,	,	,	,退款成功,	,	,2026-02-18 11:29:52,否,,	,
Adidas阿迪达斯 三叶草时尚厚底耐磨凉鞋 IE5651,260218-145217308273399,已收货，退款成功,159.0	,0.0	,5.0	,0.0	,1.0	,154.0	,154.0	,1	,2026-02-24 15:45:16,2026-02-28 13:08:38,792058673878	,"IE5651,40.5",1769504186127	,	,	,	,退款成功,78580249445542	,中通快递,2026-02-18 03:44:34,否,,	,
adidas阿迪达斯 ADILENIUM百搭logo条纹时尚牛仔裤蓝色 JY6292,260217-295331490151133,未发货，退款成功,600.0	,0.0	,5.0	,50.0	,0.0	,545.0	,595.0	,1	,	,	,903893490761	,"JY6292【收藏关注优先发货】,31 【正品保障 支持鉴定】",1858801613759	,	,	,	,退款成功,	,	,2026-02-17 12:07:07,否,,	,
adidas阿迪达斯 ADILENIUM百搭logo条纹时尚牛仔裤蓝色 JY6292,260217-527486164492956,未发货，退款成功,600.0	,0.0	,5.0	,29.75	,1.13	,565.25	,595.0	,1	,	,	,903893490761	,"JY6292【收藏关注优先发货】,32 【正品保障 支持鉴定】",1858801613760	,	,	,	,退款成功,	,	,2026-02-17 11:31:10,否,,	,
adidas阿迪达斯 ADILENIUM百搭logo条纹时尚牛仔裤蓝色 JY6292,260217-105035865682748,未发货，退款成功,600.0	,0.0	,5.0	,0.0	,0.0	,595.0	,595.0	,1	,	,	,903893490761	,"JY6292【收藏关注优先发货】,32 【正品保障 支持鉴定】",1858801613760	,	,	,	,退款成功,	,	,2026-02-17 03:24:18,否,,	,
Adidas阿迪达斯 板鞋女鞋低帮缓震透气增高运动板鞋HQ6912,260217-159991754351983,未发货，退款成功,391.0	,0.0	,5.0	,3.0	,0.0	,383.0	,386.0	,1	,	,	,904507432844	,"HQ6912【收藏关注优先发货】,38【正品保障 支持鉴定】",1859678876263	,	,	,	,退款成功,	,	,2026-02-17 00:24:47,否,,	,
Adidas阿迪达斯 板鞋女鞋低帮缓震透气增高运动板鞋HQ6912,260215-154245599652346,未发货，退款成功,391.0	,0.0	,5.0	,20.0	,0.0	,366.0	,386.0	,1	,	,	,904507432844	,"HQ6912【收藏关注优先发货】,38【正品保障 支持鉴定】",1859678876263	,	,	,	,退款成功,	,	,2026-02-15 23:57:26,否,,	,
Nike耐克 板鞋蓝白SB FROCE 58街头滑板复古低帮北卡蓝HJ3489-141,260214-555514601051203,未发货，退款成功,525.0	,0.0	,5.0	,0.0	,0.0	,520.0	,520.0	,1	,	,	,896112938333	,"HJ3489-141【收藏关注优先发货】,43【正品保障 支持鉴定】",1851259580669	,	,	,	,退款成功,	,	,2026-02-14 22:04:47,否,,	,
Nike耐克女子DUNKLOW海盐蓝白耐磨运动休闲低帮板鞋 FB1843-141,260214-244611816991861,已取消,491.0	,0.0	,5.0	,0.0	,0.0	,486.0	,486.0	,1	,	,	,806729270148	,36.5	,1779682257741	,	,	,	,无售后或售后取消,	,	,	,	,,	,
Adidas阿迪达斯 YEEZY500StoneSalt灰色老爹鞋低帮耐磨透气IE4783,260214-485490768170641,已发货，待收货,918.0	,0.0	,5.0	,0.0	,0.0	,913.0	,913.0	,1	,2026-02-24 15:45:16,	,898448953606	,"IE4783【收藏关注优先发货】,40.5【正品保障 支持鉴定】",1853265763231	,	,	,	,售后处理中,78580249455746	,中通快递,2026-02-14 11:24:54,否,,	,
Nike耐克黑白板鞋CourtVision1低帮可回收材料经典耐磨DH2987-001,260214-485239109923633,未发货，退款成功,315.0	,0.0	,5.0	,20.0	,0.0	,290.0	,310.0	,1	,	,	,896110633104	,"DH2987-001【收藏关注优先发货】,43【正品保障 支持鉴定】",1851257019295	,	,	,	,退款成功,	,	,2026-02-14 00:31:43,否,,	,
Adidas阿迪达斯 三叶草男女板鞋SUPERSTAR 2贝壳头休闲鞋JQ6250,260213-378745721151108,未发货，退款成功,468.0	,0.0	,5.0	,0.0	,0.0	,463.0	,463.0	,1	,	,	,904508794790	,"JQ6250【收藏关注优先发货】,40.5【正品保障 支持鉴定】",1859680085609	,	,	,	,退款成功,	,	,2026-02-13 18:17:54,否,,	,
Nike耐克黑白板鞋CourtVision1低帮可回收材料经典耐磨DH2987-001,260211-343707554083025,未发货，退款成功,309.0	,0.0	,5.0	,20.0	,0.0	,284.0	,304.0	,1	,	,	,896110633104	,"DH2987-001【收藏关注优先发货】,42【正品保障 支持鉴定】",1851257019294	,	,	,	,退款成功,	,	,2026-02-11 18:18:15,否,,	,
Nike耐克黑白板鞋CourtVision1低帮可回收材料经典耐磨DH2987-001,260211-393404793153752,未发货，退款成功,309.0	,0.0	,5.0	,0.0	,0.0	,304.0	,304.0	,1	,	,	,896110633104	,"DH2987-001【收藏关注优先发货】,42【正品保障 支持鉴定】",1851257019294	,	,	,	,退款成功,	,	,2026-02-11 00:02:46,否,,	,
adidas阿迪达斯 neo Entrap舒适低帮板鞋粉色经典耐磨男女IE3904,260210-271423977902913,已收货,277.0	,0.0	,5.0	,3.0	,0.0	,269.0	,272.0	,1	,2026-02-10 22:59:37,2026-03-02 22:59:37,896115787886	,"IE3904【收藏关注优先发货】,38.5【正品保障 支持鉴定】",1851261433588	,	,	,	,无售后或售后取消,78578554494671	,中通快递,2026-02-10 12:45:00,否,,	,
adidas阿迪达斯 neo Entrap舒适低帮板鞋粉色经典耐磨男女IE3904,260210-038482746920894,未发货，退款成功,277.0	,0.0	,5.0	,0.0	,0.0	,272.0	,272.0	,1	,	,	,896115787886	,"IE3904【收藏关注优先发货】,38.5【正品保障 支持鉴定】",1851261433588	,	,	,	,退款成功,	,	,2026-02-10 12:01:54,否,,	,
Nike耐克女子DUNKLOW海盐蓝白耐磨运动休闲低帮板鞋 FB1843-141,260210-209809631652160,已取消,486.0	,0.0	,5.0	,24.05	,0.0	,456.95	,481.0	,1	,	,	,806729270148	,36.5	,1779682257741	,	,	,	,无售后或售后取消,	,	,	,	,,	,
Adidas阿迪达斯 D-PAD Classic时尚舒适小锯齿黑棕防滑耐磨KK1415,260209-031320983162258,已发货，退款成功,302.0	,0.0	,5.0	,20.0	,0.0	,277.0	,297.0	,1	,2026-02-10 11:08:38,	,896121634146	,"KK1415【收藏关注优先发货】,42.5【正品保障 支持鉴定】",1851266987539	,	,	,	,退款成功,78578403075219	,中通快递,2026-02-09 23:31:58,否,,	,
Nike耐克黑白板鞋CourtVision1低帮可回收材料经典耐磨DH2987-001,260209-483508897293962,已收货,311.0	,0.0	,5.0	,20.0	,0.0	,286.0	,306.0	,1	,2026-02-10 11:08:38,2026-03-02 11:08:38,896110633104	,"DH2987-001【收藏关注优先发货】,40【正品保障 支持鉴定】",1851257019292	,	,	,	,无售后或售后取消,78578403130078	,中通快递,2026-02-09 19:49:44,否,,	,
adidas阿迪达斯 neo Entrap舒适低帮板鞋粉色经典耐磨男女IE3904,260209-117445772910734,未发货，退款成功,277.0	,0.0	,5.0	,0.0	,0.0	,272.0	,272.0	,1	,	,	,896115787886	,"IE3904【收藏关注优先发货】,38.5【正品保障 支持鉴定】",1851261433588	,	,	,	,退款成功,	,	,2026-02-09 19:01:06,否,,	,
Nike耐克 板鞋蓝白SB FROCE 58街头滑板复古低帮北卡蓝HJ3489-141,260209-241665349161208,已收货,1028.0	,0.0	,10.28	,0.0	,0.0	,1017.72	,1017.72	,2	,2026-02-09 17:47:01,2026-02-19 17:47:01,896112938333	,"HJ3489-141【收藏关注优先发货】,42【正品保障 支持鉴定】",1851259580667	,	,	,	,无售后或售后取消,78578253536622	,中通快递,2026-02-09 17:37:59,否,,	,
Adidas阿迪达斯 D-PAD Classic时尚舒适小锯齿黑棕防滑耐磨KK1415,260209-208897328700718,已收货,302.0	,0.0	,5.0	,9.55	,0.0	,287.45	,297.0	,1	,2026-02-09 17:47:01,2026-02-16 18:24:20,896121634146	,"KK1415【收藏关注优先发货】,42.5【正品保障 支持鉴定】",1851266987539	,	,	,加急发货,无售后或售后取消,78578253542626	,中通快递,2026-02-09 15:03:44,否,,	,
Nike耐克女子DUNKLOW海盐蓝白耐磨运动休闲低帮板鞋 FB1843-141,260209-457818837380073,未发货，退款成功,486.0	,0.0	,5.0	,0.0	,0.0	,481.0	,481.0	,1	,	,	,806729270148	,36.5	,1779682257741	,	,	,	,退款成功,	,	,2026-02-09 14:17:54,否,,	,
Nike耐克女子DUNKLOW海盐蓝白耐磨运动休闲低帮板鞋 FB1843-141,260209-179883282784039,未发货，退款成功,486.0	,0.0	,5.0	,3.0	,0.0	,478.0	,481.0	,1	,	,	,806729270148	,36.5	,1779682257741	,	,	,	,退款成功,	,	,2026-02-09 14:15:38,否,,	,
Nike耐克女子DUNKLOW海盐蓝白耐磨运动休闲低帮板鞋 FB1843-141,260209-373544784220803,未发货，退款成功,486.0	,0.0	,5.0	,0.0	,0.0	,481.0	,481.0	,1	,	,	,806729270148	,36.5	,1779682257741	,	,	,	,退款成功,	,	,2026-02-09 14:13:12,否,,	,
adidas阿迪达斯 ADILENIUM百搭logo条纹时尚牛仔裤蓝色 JY6292,260209-232710531471167,已收货,600.0	,0.0	,5.0	,0.0	,0.0	,595.0	,595.0	,1	,2026-02-09 17:47:01,2026-02-19 17:47:01,903893490761	,"JY6292【收藏关注优先发货】,29 【正品保障 支持鉴定】",1858801613757	,	,	,	,无售后或售后取消,78578253542654	,中通快递,2026-02-09 10:11:36,否,,	,
Nike耐克黑白板鞋CourtVision1低帮可回收材料经典耐磨DH2987-001,260209-416169378111174,已取消,311.0	,0.0	,5.0	,20.0	,0.0	,286.0	,306.0	,1	,	,	,896110633104	,"DH2987-001【收藏关注优先发货】,40【正品保障 支持鉴定】",1851257019292	,	,	,	,无售后或售后取消,	,	,	,	,,	,
Adidas阿迪达斯 D-PAD Classic时尚舒适小锯齿黑棕防滑耐磨KK1415,260209-085899405673084,已收货,303.0	,0.0	,5.0	,5.0	,0.0	,293.0	,298.0	,1	,2026-02-09 17:47:01,2026-02-19 17:47:01,896121634146	,"KK1415【收藏关注优先发货】,42【正品保障 支持鉴定】",1851266987538	,	,	,	,无售后或售后取消,78578253551486	,中通快递,2026-02-09 00:10:47,否,,	,
Adidas阿迪达斯 板鞋女鞋低帮缓震透气增高运动板鞋HQ6912,260208-651952198062019,已发货，退款成功,391.0	,0.0	,5.0	,21.0	,0.0	,365.0	,386.0	,1	,2026-02-09 17:47:01,	,904507432844	,"HQ6912【收藏关注优先发货】,38【正品保障 支持鉴定】",1859678876263	,	,	,	,退款成功,78578253551473	,中通快递,2026-02-08 23:59:36,否,,	,
adidas阿迪达斯 ADILENIUM百搭logo条纹时尚牛仔裤蓝色 JY6292,260208-500658347600228,已发货，退款成功,600.0	,0.0	,5.0	,41.65	,0.0	,553.35	,595.0	,1	,2026-02-08 23:43:00,	,903893490761	,"JY6292【收藏关注优先发货】,31 【正品保障 支持鉴定】",1858801613759	,	,	,	,退款成功,78578030039892	,中通快递,2026-02-08 22:12:01,否,,	,
Adidas阿迪达斯 板鞋女鞋低帮缓震透气增高运动板鞋HQ6912,260208-130490048042998,已收货，退款成功,414.0	,0.0	,5.0	,20.45	,0.0	,388.55	,409.0	,1	,2026-02-09 17:47:01,2026-02-12 19:51:42,904507432844	,"HQ6912【收藏关注优先发货】,37【正品保障 支持鉴定】",1859678876262	,	,	,	,退款成功,78578253542639	,中通快递,2026-02-08 20:04:01,否,,	,
Adidas阿迪达斯 D-PAD Classic时尚舒适小锯齿黑棕防滑耐磨KK1415,260208-162906785363785,已收货,303.0	,0.0	,5.0	,9.0	,0.0	,289.0	,298.0	,1	,2026-02-08 21:40:52,2026-02-18 21:40:52,896121634146	,"KK1415【收藏关注优先发货】,42【正品保障 支持鉴定】",1851266987538	,	,	,	,无售后或售后取消,78578021605524	,中通快递,2026-02-08 15:42:43,否,,	,
Adidas阿迪达斯Originals Superstar 2柔软舒适百搭板鞋KK4473,260208-662804928124044,已收货,518.0	,0.0	,5.0	,0.0	,0.0	,513.0	,513.0	,1	,2026-02-08 21:40:35,2026-02-18 21:40:35,896125059373	,"KK4473【收藏关注优先发货】,44【正品保障 支持鉴定】",1851268806477	,	,	,	,无售后或售后取消,78578022080956	,中通快递,2026-02-08 15:18:16,否,,	,
Adidas阿迪达斯 D-PAD Classic时尚舒适小锯齿黑棕防滑耐磨KK1415,260208-314614750861314,已发货，退款成功,303.0	,0.0	,0.0	,0.0	,0.0	,303.0	,303.0	,1	,2026-02-08 21:39:51,	,896121634146	,"KK1415【收藏关注优先发货】,42【正品保障 支持鉴定】",1851266987538	,	,	,	,退款成功,78578021703904	,中通快递,2026-02-08 14:55:40,否,,	,
Adidas阿迪达斯 D-PAD Classic时尚舒适小锯齿黑棕防滑耐磨KK1415,260208-609715515021314,已收货,302.0	,0.0	,5.0	,0.0	,0.0	,297.0	,297.0	,1	,2026-02-08 21:39:24,2026-02-18 21:39:24,896121634146	,"KK1415【收藏关注优先发货】,42.5【正品保障 支持鉴定】",1851266987539	,	,	,	,无售后或售后取消,78578022080935	,中通快递,2026-02-08 14:53:24,否,,	,
Adidas阿迪达斯 板鞋女鞋低帮缓震透气增高运动板鞋HQ6912,260208-579988406601253,已收货,414.0	,0.0	,5.0	,0.0	,0.0	,409.0	,409.0	,1	,2026-02-08 21:40:15,2026-02-18 21:40:15,904507432844	,"HQ6912【收藏关注优先发货】,36.5【正品保障 支持鉴定】",1859678876261	,	,	,	,无售后或售后取消,78578022081107	,中通快递,2026-02-08 03:30:05,否,,	,
Adidas阿迪达斯 板鞋女鞋低帮缓震透气增高运动板鞋HQ6912,260208-042949701152480,未发货，退款成功,414.0	,0.0	,5.0	,24.54	,0.0	,384.46	,409.0	,1	,	,	,904507432844	,"HQ6912【收藏关注优先发货】,36.5【正品保障 支持鉴定】",1859678876261	,	,	,	,退款成功,	,	,2026-02-08 00:11:13,否,,	,
Adidas阿迪达斯 D-PAD Classic时尚舒适小锯齿黑棕防滑耐磨KK1415,260207-131365609112595,未发货，退款成功,302.0	,0.0	,0.0	,29.71	,0.0	,272.29	,302.0	,1	,	,	,896121634146	,"KK1415【收藏关注优先发货】,42.5【正品保障 支持鉴定】",1851266987539	,	,	,	,退款成功,	,	,2026-02-07 23:32:47,否,,	,
Adidas阿迪达斯 D-PAD Classic时尚舒适小锯齿黑棕防滑耐磨KK1415,260207-661567587992595,已取消,302.0	,0.0	,5.0	,14.22	,0.0	,282.78	,297.0	,1	,	,	,896121634146	,"KK1415【收藏关注优先发货】,42.5【正品保障 支持鉴定】",1851266987539	,	,	,	,无售后或售后取消,	,	,	,	,,	,
adidas阿迪达斯 ADILENIUM百搭logo条纹时尚牛仔裤蓝色 JY6292,260207-586552460840416,未发货，退款成功,600.0	,0.0	,6.0	,14.0	,0.0	,580.0	,594.0	,1	,	,	,903893490761	,"JY6292【收藏关注优先发货】,29 【正品保障 支持鉴定】",1858801613757	,	,	,	,退款成功,	,	,2026-02-07 21:14:20,	,,	,
adidas阿迪达斯 ADILENIUM百搭logo条纹时尚牛仔裤蓝色 JY6292,260207-242955077160416,未发货，退款成功,600.0	,0.0	,6.0	,14.0	,0.0	,580.0	,594.0	,1	,	,	,903893490761	,"JY6292【收藏关注优先发货】,31 【正品保障 支持鉴定】",1858801613759	,	,	,	,退款成功,	,	,2026-02-07 21:14:20,	,,	,
Adidas阿迪达斯 三叶草男女板鞋SUPERSTAR 2贝壳头休闲鞋JQ6250,260207-408483336601745,已收货,488.0	,0.0	,5.0	,4.0	,0.0	,479.0	,483.0	,1	,2026-02-07 22:45:24,2026-03-07 22:56:27,904508794790	,"JQ6250【收藏关注优先发货】,40【正品保障 支持鉴定】",1859680085608	,	,	,	,无售后或售后取消,78577645535196	,中通快递,2026-02-07 13:12:22,否,,	,
adidas阿迪达斯 ADILENIUM百搭logo条纹时尚牛仔裤蓝色 JY6292,260207-028877842752887,已收货,600.0	,0.0	,5.0	,60.0	,0.0	,535.0	,595.0	,1	,2026-02-07 22:45:24,2026-02-17 22:45:24,903893490761	,"JY6292【收藏关注优先发货】,30 【正品保障 支持鉴定】",1858801613758	,	,	,	,无售后或售后取消,78577515642322	,中通快递,2026-02-07 11:03:50,否,,	,
adidas阿迪达斯 ADILENIUM百搭logo条纹时尚牛仔裤蓝色 JY6292,260207-482932190860764,已发货，退款成功,600.0	,0.0	,5.0	,60.0	,0.0	,535.0	,595.0	,1	,2026-02-07 22:45:24,	,903893490761	,"JY6292【收藏关注优先发货】,32 【正品保障 支持鉴定】",1858801613760	,	,	,	,退款成功,78577515386166	,中通快递,2026-02-07 07:24:42,否,,	,
adidas阿迪达斯FORUM CL舒适百搭耐磨低帮板鞋白色男女同款JQ8734,260207-451139397932321,已收货，退款成功,500.0	,0.0	,5.0	,0.0	,0.2	,495.0	,495.0	,1	,2026-02-07 11:59:52,2026-02-17 12:00:21,896118116919	,"JQ8734【收藏关注优先发货】,42.5【正品保障 支持鉴定】",1852964207339	,	,	,	,退款成功,78577515386138	,中通快递,2026-02-07 02:49:15,否,,	,
adidas阿迪达斯 ADILENIUM百搭logo条纹时尚牛仔裤蓝色 JY6292,260207-420583841282396,未发货，退款成功,600.0	,0.0	,5.0	,29.75	,0.0	,565.25	,595.0	,1	,	,	,903893490761	,"JY6292【收藏关注优先发货】,32 【正品保障 支持鉴定】",1858801613760	,	,	,	,退款成功,	,	,2026-02-07 00:10:30,否,,	,
Adidas阿迪达斯 Neo Entrap合成革 简约低帮板鞋FZ1119/JQ5047,260206-568842064303196,已取消,288.0	,0.0	,5.0	,20.0	,0.0	,263.0	,283.0	,1	,	,	,853847918867	,"FZ1119【收藏关注优先发货】,42.5【正品保障 支持鉴定】",1813726498674	,	,	,	,无售后或售后取消,	,	,	,	,,	,
adidas阿迪达斯 ADILENIUM百搭logo条纹时尚牛仔裤蓝色 JY6292,260206-131418100071504,已收货,600.0	,0.0	,5.0	,50.0	,0.0	,545.0	,595.0	,1	,2026-02-07 11:58:43,2026-02-17 11:58:43,903893490761	,"JY6292【收藏关注优先发货】,31 【正品保障 支持鉴定】",1858801613759	,	,	,	,无售后或售后取消,78577515386146	,中通快递,2026-02-06 22:40:52,否,,	,
Adidas阿迪达斯 三叶草时尚厚底耐磨凉鞋 IE5651,260206-399025170793125,未发货，退款成功,159.0	,0.0	,5.0	,0.0	,0.0	,154.0	,154.0	,1	,	,	,792058673878	,"IE5651,40.5",1769504186127	,	,	,	,退款成功,	,	,2026-02-06 21:08:32,否,,	,
Nike耐克 Zoom Rival S10短跑钉鞋训练舒适防滑耐磨DC8753-100,260206-215314603593632,未发货，退款成功,286.0	,0.0	,5.0	,0.0	,0.0	,281.0	,281.0	,1	,	,	,822868315610	,"DC8753-100【收藏关注优先发货】,44【正品保障 支持鉴定】",1789416839731	,	,	,	,退款成功,	,	,2026-02-06 18:45:37,否,,	,
Nike耐克黑白板鞋CourtVision1低帮可回收材料经典耐磨DH2987-001,260206-316376430972295,已收货,309.0	,0.0	,5.0	,24.32	,0.0	,279.68	,304.0	,1	,2026-02-06 12:15:11,2026-02-10 14:30:12,896110633104	,"DH2987-001【收藏关注优先发货】,42【正品保障 支持鉴定】",1851257019294	,	,	,	,无售后或售后取消,78577178007926	,中通快递,2026-02-06 11:06:19,否,,	,
Nike耐克黑白板鞋CourtVision1低帮可回收材料经典耐磨DH2987-001,260206-613427515772295,已取消,311.0	,0.0	,5.0	,24.48	,0.0	,281.52	,306.0	,1	,	,	,896110633104	,"DH2987-001【收藏关注优先发货】,40【正品保障 支持鉴定】",1851257019292	,	,	,	,无售后或售后取消,	,	,	,	,,	,
Nike耐克女子DUNKLOW海盐蓝白耐磨运动休闲低帮板鞋 FB1843-141,260206-420699257123020,已收货,486.0	,0.0	,5.0	,41.0	,0.0	,440.0	,481.0	,1	,2026-02-06 12:15:11,2026-02-08 13:28:04,806729270148	,37.5	,1779682257743	,	,	,	,无售后或售后取消,78577178033458	,中通快递,2026-02-06 11:07:00,否,,	,
Adidas阿迪达斯 三叶草时尚厚底耐磨凉鞋 IE5651,260206-192854167842729,已取消,159.0	,0.0	,5.0	,7.7	,0.0	,146.3	,154.0	,1	,	,	,792058673878	,"IE5651,42",1769504186128	,	,	,	,无售后或售后取消,	,	,	,	,,	,
阿迪达斯三叶草运动拖鞋男女正品ADILETTELITE户外FU8298,260206-549296617861117,已取消,87.2	,0.0	,5.0	,4.11	,0.0	,78.09	,82.2	,1	,	,	,789862122416	,38	,1767885755817	,	,	,	,无售后或售后取消,	,	,	,	,,	,
adidas阿迪达斯 ADILENIUM百搭logo条纹时尚牛仔裤蓝色 JY6292,260206-346072041003216,未发货，退款成功,600.0	,0.0	,5.0	,59.5	,0.0	,535.5	,595.0	,1	,	,	,903893490761	,"JY6292【收藏关注优先发货】,31 【正品保障 支持鉴定】",1858801613759	,	,	,	,退款成功,	,	,2026-02-06 06:21:16,否,,	,
adidas阿迪达斯 ADILENIUM百搭logo条纹时尚牛仔裤蓝色 JY6292,260206-594815302023081,已发货，退款成功,600.0	,0.0	,5.0	,55.0	,1.08	,540.0	,595.0	,1	,2026-02-07 11:59:44,	,903893490761	,"JY6292【收藏关注优先发货】,32 【正品保障 支持鉴定】",1858801613760	,	,	,	,退款成功,78577239098319	,中通快递,2026-02-06 03:49:23,否,,	,
Nike耐克黑白板鞋CourtVision1低帮可回收材料经典耐磨DH2987-001,260206-641476903283783,已收货，退款成功,311.0	,0.0	,5.0	,15.0	,0.0	,291.0	,306.0	,1	,2026-02-06 11:57:09,2026-03-05 09:26:51,896110633104	,"DH2987-001【收藏关注优先发货】,40【正品保障 支持鉴定】",1851257019292	,	,	,	,退款成功,78577239098334	,中通快递,2026-02-06 02:51:31,否,,	,
adidas阿迪达斯 ADILENIUM百搭logo条纹时尚牛仔裤蓝色 JY6292,260206-529331658291293,已发货，退款成功,600.0	,0.0	,5.0	,70.0	,0.0	,525.0	,595.0	,1	,2026-02-07 11:59:19,	,903893490761	,"JY6292【收藏关注优先发货】,30 【正品保障 支持鉴定】",1858801613758	,	,	,	,退款成功,78577239098306	,中通快递,2026-02-06 00:07:55,否,,	,
Adidas阿迪达斯 Neo Entrap合成革 简约低帮板鞋FZ1119/JQ5047,260205-239091126691213,已收货,288.0	,0.0	,5.0	,5.0	,0.0	,278.0	,283.0	,1	,2026-02-06 11:56:56,2026-02-10 21:00:52,853847918867	,"FZ1119【收藏关注优先发货】,42.5【正品保障 支持鉴定】",1813726498674	,	,	,	,无售后或售后取消,78577239098350	,中通快递,2026-02-05 20:33:45,否,,	,
Adidas阿迪达斯 三叶草时尚厚底耐磨凉鞋 IE5651,260205-221821038111033,已收货,159.0	,0.0	,5.0	,0.0	,0.0	,154.0	,154.0	,1	,2026-02-06 11:56:39,2026-02-16 11:56:39,792058673878	,"IE5651,43",1769504186130	,	,	,	,无售后或售后取消,78577239213291	,中通快递,2026-02-05 17:21:37,否,,	,
Nike耐克黑白板鞋CourtVision1低帮可回收材料经典耐磨DH2987-001,260205-670045356350431,未发货，退款成功,309.0	,0.0	,5.0	,15.0	,0.0	,289.0	,304.0	,1	,	,	,896110633104	,"DH2987-001【收藏关注优先发货】,42【正品保障 支持鉴定】",1851257019294	,	,	,	,退款成功,	,	,2026-02-05 17:17:18,否,,	,
Nike耐克黑白板鞋CourtVision1低帮可回收材料经典耐磨DH2987-001,260205-070328072563783,已取消,311.0	,0.0	,5.0	,0.0	,0.0	,306.0	,306.0	,1	,	,	,896110633104	,"DH2987-001【收藏关注优先发货】,40【正品保障 支持鉴定】",1851257019292	,	,	,	,无售后或售后取消,	,	,	,	,,	,
Nike耐克黑白板鞋CourtVision1低帮可回收材料经典耐磨DH2987-001,260205-009568294531694,未发货，退款成功,309.0	,0.0	,5.0	,20.0	,0.0	,284.0	,304.0	,1	,	,	,896110633104	,"DH2987-001【收藏关注优先发货】,42【正品保障 支持鉴定】",1851257019294	,	,	,	,退款成功,	,	,2026-02-05 11:57:48,否,,	,
Adidas阿迪达斯 Neo Entrap合成革 简约低帮板鞋FZ1119/JQ5047,260205-228589596183947,已收货,288.0	,0.0	,5.0	,20.0	,0.0	,263.0	,283.0	,1	,2026-02-05 11:11:42,2026-02-15 11:11:42,853847918867	,"FZ1119【收藏关注优先发货】,42.5【正品保障 支持鉴定】",1813726498674	,	,	,	,无售后或售后取消,78576838813122	,中通快递,2026-02-05 11:06:12,否,,	,
Adidas阿迪达斯 三叶草时尚厚底耐磨凉鞋 IE5651,260205-142742668903501,已发货，退款成功,159.0	,0.0	,5.0	,0.0	,0.0	,154.0	,154.0	,1	,2026-02-05 11:11:42,	,792058673878	,"IE5651,42",1769504186128	,	,	,	,退款成功,78576838794558	,中通快递,2026-02-05 10:00:17,否,,	,
Adidas阿迪达斯 D-PAD Classic时尚舒适小锯齿黑棕防滑耐磨KK1415,260205-176475390291106,已收货,302.0	,0.0	,5.0	,14.85	,0.0	,282.15	,297.0	,1	,2026-02-05 11:11:42,2026-02-15 11:11:42,896121634146	,"KK1415【收藏关注优先发货】,42.5【正品保障 支持鉴定】",1851266987539	,	,	,	,无售后或售后取消,78576838812989	,中通快递,2026-02-05 08:08:38,否,,	,
Nike耐克黑白板鞋CourtVision1低帮可回收材料经典耐磨DH2987-001,260205-426906827103927,已取消,317.0	,0.0	,5.0	,0.0	,0.0	,312.0	,312.0	,1	,	,	,896110633104	,"DH2987-001【收藏关注优先发货】,40【正品保障 支持鉴定】",1851257019292	,	,	,	,无售后或售后取消,	,	,	,	,,	,
Adidas阿迪达斯 Neo Entrap合成革 简约低帮板鞋FZ1119/JQ5047,260205-616625641070054,已收货,288.0	,0.0	,5.0	,15.77	,0.0	,267.23	,283.0	,1	,2026-02-05 11:11:42,2026-02-15 11:11:42,853847918867	,"FZ1119【收藏关注优先发货】,41【正品保障 支持鉴定】",1813725446879	,	,	,	,无售后或售后取消,78576838794609	,中通快递,2026-02-05 04:46:20,否,,	,
Nike耐克 Zoom Rival S10短跑钉鞋训练舒适防滑耐磨DC8753-100,260204-052617613630302,已收货,307.0	,0.0	,5.0	,12.0	,0.0	,290.0	,302.0	,1	,2026-02-05 11:11:42,2026-02-15 11:11:42,822868315610	,"DC8753-100【收藏关注优先发货】,41【正品保障 支持鉴定】",1789416839727	,	,	,	,无售后或售后取消,78576838794545	,中通快递,2026-02-04 23:55:46,否,,	,
Nike耐克 Zoom Rival S10短跑钉鞋训练舒适防滑耐磨DC8753-100,260204-518520839833947,已收货,292.0	,0.0	,5.0	,14.35	,0.0	,272.65	,287.0	,1	,2026-02-05 11:11:42,2026-02-09 19:37:57,822868315610	,"DC8753-100【收藏关注优先发货】,42【正品保障 支持鉴定】",1789416839728	,	,	,	,无售后或售后取消,78576838794517	,中通快递,2026-02-04 17:29:45,否,,	,
Nike耐克 Zoom Rival S10短跑钉鞋训练舒适防滑耐磨DC8753-100,260204-480793085441916,未发货，退款成功,292.0	,0.0	,5.0	,0.0	,0.0	,287.0	,287.0	,1	,	,	,822868315610	,"DC8753-100【收藏关注优先发货】,43【正品保障 支持鉴定】",1789416839730	,	,	,	,退款成功,	,	,2026-02-04 17:26:58,否,,	,
Nike耐克 Zoom Rival S10短跑钉鞋训练舒适防滑耐磨DC8753-100,260204-521121308232257,未发货，退款成功,292.0	,0.0	,5.0	,9.0	,0.0	,278.0	,287.0	,1	,	,	,822868315610	,"DC8753-100【收藏关注优先发货】,42【正品保障 支持鉴定】",1789416839728	,	,	,	,退款成功,	,	,2026-02-04 15:39:11,否,,	,
Adidas阿迪达斯 三叶草时尚厚底耐磨凉鞋 IE5651,260204-532739602863301,已发货，退款成功,159.0	,0.0	,5.0	,7.7	,0.0	,146.3	,154.0	,1	,2026-02-04 11:45:46,	,792058673878	,"IE5651,42",1769504186128	,	,	,	,退款成功,78576485744814	,中通快递,2026-02-04 11:06:32,否,,	,
Nike耐克 Zoom Rival S10短跑钉鞋训练舒适防滑耐磨DC8753-100,260204-291514642051233,未发货，退款成功,292.0	,0.0	,5.0	,0.0	,0.0	,287.0	,287.0	,1	,	,	,822868315610	,"DC8753-100【收藏关注优先发货】,42【正品保障 支持鉴定】",1789416839728	,	,	,	,退款成功,	,	,2026-02-04 10:49:31,否,,	,
Nike耐克 Zoom Rival S10短跑钉鞋训练舒适防滑耐磨DC8753-100,260204-148499340931379,未发货，退款成功,292.0	,0.0	,5.0	,20.0	,0.0	,267.0	,287.0	,1	,	,	,822868315610	,"DC8753-100【收藏关注优先发货】,42【正品保障 支持鉴定】",1789416839728	,	,	,	,退款成功,	,	,2026-02-04 09:56:35,否,,	,
Nike耐克黑白板鞋CourtVision1低帮可回收材料经典耐磨DH2987-001,260204-169911314820485,已发货，退款成功,313.0	,0.0	,5.0	,20.0	,0.0	,288.0	,308.0	,1	,2026-02-04 11:45:46,	,896110633104	,"DH2987-001【收藏关注优先发货】,43【正品保障 支持鉴定】",1851257019295	,	,	,	,退款成功,78576485726656	,中通快递,2026-02-04 02:00:01,否,,	,
Adidas阿迪达斯 Neo Entrap合成革 简约低帮板鞋FZ1119/JQ5047,260204-526133501452776,已取消,288.0	,0.0	,5.0	,0.0	,0.0	,283.0	,283.0	,1	,	,	,853847918867	,"FZ1119【收藏关注优先发货】,41【正品保障 支持鉴定】",1813725446879	,	,	,	,无售后或售后取消,	,	,	,	,,	,
Adidas阿迪达斯 Neo Entrap合成革 简约低帮板鞋FZ1119/JQ5047,260204-327124272653188,已收货,288.0	,0.0	,5.0	,14.15	,0.0	,268.85	,283.0	,1	,2026-02-04 11:45:45,2026-02-14 11:45:45,853847918867	,"FZ1119【收藏关注优先发货】,41【正品保障 支持鉴定】",1813725446879	,	,	,	,无售后或售后取消,78576485726691	,中通快递,2026-02-04 00:53:51,否,,	,
Adidas阿迪达斯 Neo Entrap合成革 简约低帮板鞋FZ1119/JQ5047,260204-630739463823414,已收货,287.0	,0.0	,5.0	,21.0	,0.2	,261.0	,282.0	,1	,2026-02-04 11:45:46,2026-02-19 11:45:46,853847918867	,"FZ1119【收藏关注优先发货】,42【正品保障 支持鉴定】",1813725446880	,	,	,	,无售后或售后取消,78576485737756	,中通快递,2026-02-04 00:50:06,否,,	,
adidas阿迪达斯 neo Entrap舒适低帮板鞋粉色经典耐磨男女IE3904,260203-056119847322389,已收货,271.0	,0.0	,5.0	,24.0	,0.0	,242.0	,266.0	,1	,2026-02-04 11:45:46,2026-02-21 12:42:37,896115787886	,"IE3904【收藏关注优先发货】,36.5【正品保障 支持鉴定】",1851261433585	,	,	,	,无售后或售后取消,78576485744722	,中通快递,2026-02-03 22:58:21,否,,	,
Nike耐克 GAMMA FORCE黑色板鞋经典学生舒适耐磨低帮FQ6476-010,260203-130673559151090,已收货,411.0	,0.0	,5.0	,0.0	,0.0	,406.0	,406.0	,1	,2026-02-03 22:01:15,2026-02-18 22:01:15,894084484861	,"FQ6476-010【收藏关注优先发货】,40【正品保障 支持鉴定】",1849521683498	,	,	,	,无售后或售后取消,78576300626808	,中通快递,2026-02-03 20:40:36,否,,	,
Nike耐克 Zoom Rival S10短跑钉鞋训练舒适防滑耐磨DC8753-100,260203-251626800700599,已收货，退款成功,292.0	,0.0	,5.0	,0.0	,0.0	,287.0	,287.0	,1	,2026-02-03 22:01:15,2026-02-06 20:30:30,822868315610	,"DC8753-100【收藏关注优先发货】,43【正品保障 支持鉴定】",1789416839730	,	,	,	,退款成功,78576300626864	,中通快递,2026-02-03 18:26:27,否,,	,
Adidas阿迪达斯 三叶草时尚厚底耐磨凉鞋 IE5651,260203-378168994170458,已取消,159.0	,0.0	,5.0	,0.0	,0.0	,154.0	,154.0	,1	,	,	,792058673878	,"IE5651,40.5",1769504186127	,	,	,	,无售后或售后取消,	,	,	,	,,	,
Nike耐克 板鞋蓝白SB FROCE 58街头滑板复古低帮北卡蓝HJ3489-141,260203-365512629862060,已收货，退款成功,514.0	,0.0	,5.0	,0.0	,0.0	,509.0	,509.0	,1	,2026-02-03 22:01:15,2026-02-06 17:38:48,896112938333	,"HJ3489-141【收藏关注优先发货】,43【正品保障 支持鉴定】",1851259580669	,	,	,	,退款成功,78576300626798	,中通快递,2026-02-03 16:37:37,否,,	,
Nike耐克 板鞋蓝白SB FROCE 58街头滑板复古低帮北卡蓝HJ3489-141,260203-105927185983851,已收货,514.0	,0.0	,5.0	,30.54	,0.0	,478.46	,509.0	,1	,2026-02-03 22:01:15,2026-02-13 22:01:15,896112938333	,"HJ3489-141【收藏关注优先发货】,42【正品保障 支持鉴定】",1851259580667	,	,	,	,无售后或售后取消,78576300626703	,中通快递,2026-02-03 14:11:11,否,,	,
Nike耐克 板鞋蓝白SB FROCE 58街头滑板复古低帮北卡蓝HJ3489-141,260203-543718162873053,已收货,518.0	,0.0	,5.0	,20.0	,0.0	,493.0	,513.0	,1	,2026-02-03 22:01:15,2026-02-13 22:01:15,896112938333	,"HJ3489-141【收藏关注优先发货】,42.5【正品保障 支持鉴定】",1851259580668	,	,	,	,无售后或售后取消,78576300647777	,中通快递,2026-02-03 13:24:53,否,,	,
Nike耐克 板鞋蓝白SB FROCE 58街头滑板复古低帮北卡蓝HJ3489-141,260203-062809782713053,未发货，退款成功,518.0	,0.0	,5.0	,20.0	,0.0	,493.0	,513.0	,1	,	,	,896112938333	,"HJ3489-141【收藏关注优先发货】,42.5【正品保障 支持鉴定】",1851259580668	,	,	,	,退款成功,	,	,2026-02-03 13:21:51,否,,	,
Nike耐克 板鞋蓝白SB FROCE 58街头滑板复古低帮北卡蓝HJ3489-141,260203-528754993593053,已取消,514.0	,0.0	,5.0	,20.0	,0.0	,489.0	,509.0	,1	,	,	,896112938333	,"HJ3489-141【收藏关注优先发货】,42【正品保障 支持鉴定】",1851259580667	,	,	,	,无售后或售后取消,	,	,	,	,,	,
Adidas阿迪达斯 Neo Entrap合成革 简约低帮板鞋FZ1119/JQ5047,260203-101963558431344,已收货,288.0	,0.0	,5.0	,0.0	,0.0	,283.0	,283.0	,1	,2026-02-03 22:01:15,2026-02-08 11:29:45,853847918867	,"FZ1119【收藏关注优先发货】,42.5【正品保障 支持鉴定】",1813726498674	,	,	,	,无售后或售后取消,78576300626772	,中通快递,2026-02-03 11:58:30,否,,	,
Adidas阿迪达斯Originals Superstar 2柔软舒适百搭板鞋KK4473,260203-627446956440791,已取消,593.0	,0.0	,5.0	,0.0	,0.0	,588.0	,588.0	,1	,	,	,896125059373	,"KK4473【收藏关注优先发货】,44【正品保障 支持鉴定】",1851268806477	,	,	,	,无售后或售后取消,	,	,	,	,,	,
Adidas阿迪达斯 Neo Entrap合成革 简约低帮板鞋FZ1119/JQ5047,260203-549747474813166,已收货,288.0	,0.0	,5.0	,20.0	,0.0	,263.0	,283.0	,1	,2026-02-03 22:01:15,2026-02-07 16:08:47,853847918867	,"FZ1119【收藏关注优先发货】,41【正品保障 支持鉴定】",1813725446879	,	,	,	,无售后或售后取消,78576300647802	,中通快递,2026-02-03 07:04:11,否,,	,
Adidas阿迪达斯Originals Superstar 2柔软舒适百搭板鞋KK4473,260202-013390323340861,已收货,548.0	,0.0	,5.0	,0.0	,0.0	,543.0	,543.0	,1	,2026-02-03 22:01:15,2026-02-13 22:01:15,896125059373	,"KK4473【收藏关注优先发货】,42【正品保障 支持鉴定】",1851268806475	,	,	,	,无售后或售后取消,78576300626757	,中通快递,2026-02-02 23:37:23,否,,	,
Adidas阿迪达斯 Neo Entrap合成革 简约低帮板鞋FZ1119/JQ5047,260202-498786659903095,未发货，退款成功,288.0	,0.0	,5.0	,22.0	,0.0	,261.0	,283.0	,1	,	,	,853847918867	,"FZ1119【收藏关注优先发货】,41【正品保障 支持鉴定】",1813725446879	,	,	,	,退款成功,	,	,2026-02-02 23:22:40,否,,	,
Nike耐克黑白板鞋CourtVision1低帮可回收材料经典耐磨DH2987-001,260202-485092267653145,已取消,313.0	,0.0	,5.0	,0.0	,0.0	,308.0	,308.0	,1	,	,	,896110633104	,"DH2987-001【收藏关注优先发货】,43【正品保障 支持鉴定】",1851257019295	,	,	,	,无售后或售后取消,	,	,	,	,,	,
Nike耐克 板鞋蓝白SB FROCE 58街头滑板复古低帮北卡蓝HJ3489-141,260202-510205662800606,已收货,518.0	,0.0	,5.0	,45.0	,0.0	,468.0	,513.0	,1	,2026-02-03 22:01:15,2026-02-08 13:20:28,896112938333	,"HJ3489-141【收藏关注优先发货】,42.5【正品保障 支持鉴定】",1851259580668	,	,	,	,无售后或售后取消,78576300626785	,中通快递,2026-02-02 22:41:13,否,,	,
Nike耐克黑白板鞋CourtVision1低帮可回收材料经典耐磨DH2987-001,260202-590107143811524,已收货,313.0	,0.0	,5.0	,0.0	,0.0	,308.0	,308.0	,1	,2026-02-02 22:32:37,2026-02-08 17:11:06,896110633104	,"DH2987-001【收藏关注优先发货】,41【正品保障 支持鉴定】",1851257019293	,	,	,	,无售后或售后取消,78575903770094	,中通快递,2026-02-02 22:01:12,否,,	,
Nike耐克 Zoom Rival S10短跑钉鞋训练舒适防滑耐磨DC8753-100,260202-434288802201595,已收货,292.0	,0.0	,5.0	,0.0	,0.0	,287.0	,287.0	,1	,2026-02-02 22:32:37,2026-02-12 22:32:37,822868315610	,"DC8753-100【收藏关注优先发货】,42【正品保障 支持鉴定】",1789416839728	,	,	,	,无售后或售后取消,78575903762626	,中通快递,2026-02-02 20:39:20,否,,	,
Nike耐克黑白板鞋CourtVision1低帮可回收材料经典耐磨DH2987-001,260202-163462572432944,未发货，退款成功,313.0	,0.0	,5.0	,0.0	,0.2	,308.0	,308.0	,1	,	,	,896110633104	,"DH2987-001【收藏关注优先发货】,41【正品保障 支持鉴定】",1851257019293	,	,	,	,退款成功,	,	,2026-02-02 20:18:17,否,,	,
Adidas阿迪达斯 D-PAD Classic时尚舒适小锯齿黑棕防滑耐磨KK1415,260202-135601856020435,未发货，退款成功,303.0	,0.0	,5.0	,0.0	,0.0	,298.0	,298.0	,1	,	,	,896121634146	,"KK1415【收藏关注优先发货】,42【正品保障 支持鉴定】",1851266987538	,	,	,	,退款成功,	,	,2026-02-02 15:54:26,否,,	,
Nike耐克黑白板鞋CourtVision1低帮可回收材料经典耐磨DH2987-001,260202-098618580561739,已发货，退款成功,309.0	,0.0	,5.0	,13.0	,2.91	,291.0	,304.0	,1	,2026-02-02 22:32:37,	,896110633104	,"DH2987-001【收藏关注优先发货】,42【正品保障 支持鉴定】",1851257019294	,	,	,	,退款成功,78575903770104	,中通快递,2026-02-02 14:11:36,否,,	,
adidas阿迪达斯 neo Entrap舒适低帮板鞋粉色经典耐磨男女IE3904,260202-364159997511340,已收货,274.0	,0.0	,5.0	,0.0	,0.0	,269.0	,269.0	,1	,2026-02-02 14:03:14,2026-02-12 14:03:14,896115787886	,"IE3904【收藏关注优先发货】,36.5【正品保障 支持鉴定】",1851261433585	,	,	,	,无售后或售后取消,78575817369368	,中通快递,2026-02-02 13:01:32,否,,	,
Nike耐克 Zoom Rival S10短跑钉鞋训练舒适防滑耐磨DC8753-100,260202-480583360131379,已取消,292.0	,0.0	,5.0	,0.0	,0.0	,287.0	,287.0	,1	,	,	,822868315610	,"DC8753-100【收藏关注优先发货】,42【正品保障 支持鉴定】",1789416839728	,	,	,	,无售后或售后取消,	,	,	,	,,	,
adidas阿迪达斯 neo Entrap舒适低帮板鞋粉色经典耐磨男女IE3904,260201-581697585540283,已收货,294.0	,0.0	,5.0	,20.0	,0.0	,269.0	,289.0	,1	,2026-02-02 12:20:16,2026-02-12 12:20:16,896115787886	,"IE3904【收藏关注优先发货】,38【正品保障 支持鉴定】",1851261433587	,	,	,	,无售后或售后取消,78575747712776	,中通快递,2026-02-01 23:19:04,否,,	,
Adidas阿迪达斯 Neo Entrap合成革 简约低帮板鞋FZ1119/JQ5047,260201-667360960032326,已收货,294.0	,0.0	,5.0	,20.0	,0.0	,269.0	,289.0	,1	,2026-02-02 12:20:16,2026-02-12 12:20:16,853847918867	,"FZ1119【收藏关注优先发货】,43【正品保障 支持鉴定】",1813725446881	,	,	,	,无售后或售后取消,78575747729514	,中通快递,2026-02-01 22:36:51,否,,	,
adidas阿迪达斯 neo Entrap舒适低帮板鞋粉色经典耐磨男女IE3904,260201-329383995830811,已收货,280.0	,0.0	,5.0	,20.0	,0.0	,255.0	,275.0	,1	,2026-02-02 12:20:16,2026-02-12 12:20:16,896115787886	,"IE3904【收藏关注优先发货】,38.5【正品保障 支持鉴定】",1851261433588	,	,	,尽量包好，客人希望盒子不要有损坏,无售后或售后取消,78575747712830	,中通快递,2026-02-01 22:27:47,否,,	,
Nike耐克 Zoom Rival S10短跑钉鞋训练舒适防滑耐磨DC8753-100,260201-609982943610925,已收货,313.0	,0.0	,5.0	,0.0	,0.0	,308.0	,308.0	,1	,2026-02-02 12:20:16,2026-02-23 12:20:16,822868315610	,"DC8753-100【收藏关注优先发货】,41【正品保障 支持鉴定】",1789416839727	,	,	,	,无售后或售后取消,78575747712906	,中通快递,2026-02-01 21:46:36,否,,	,
Nike耐克 Zoom Rival S10短跑钉鞋训练舒适防滑耐磨DC8753-100,260201-576811221283771,已取消,292.0	,0.0	,5.0	,0.0	,0.0	,287.0	,287.0	,1	,	,	,822868315610	,"DC8753-100【收藏关注优先发货】,44【正品保障 支持鉴定】",1789416839731	,	,	,	,无售后或售后取消,	,	,	,	,,	,
Adidas阿迪达斯 三叶草时尚厚底耐磨凉鞋 IE5651,260201-077028462970458,已取消,159.0	,0.0	,5.0	,0.0	,0.0	,154.0	,154.0	,1	,	,	,792058673878	,"IE5651,40.5",1769504186127	,	,	,	,无售后或售后取消,	,	,	,	,,	,
Nike耐克 Zoom Rival S10短跑钉鞋训练舒适防滑耐磨DC8753-100,260201-199701359012159,未发货，退款成功,313.0	,0.0	,5.0	,0.0	,0.0	,308.0	,308.0	,1	,	,	,822868315610	,"DC8753-100【收藏关注优先发货】,41【正品保障 支持鉴定】",1789416839727	,	,	,	,退款成功,	,	,2026-02-01 17:11:44,否,,	,
adidas阿迪达斯 neo Entrap舒适低帮板鞋粉色经典耐磨男女IE3904,260201-672462313052980,已收货,274.0	,0.0	,5.0	,20.0	,0.0	,249.0	,269.0	,1	,2026-02-02 12:20:16,2026-02-04 12:44:29,896115787886	,"IE3904【收藏关注优先发货】,36.5【正品保障 支持鉴定】",1851261433585	,	,	,	,无售后或售后取消,78575747712814	,中通快递,2026-02-01 16:02:49,否,,	,